{
    "host_config" : {
        "samplerate" : 48000
    },
    "tracks" : [
        {
            "name" : "main",
            "multibus" : true,
            "buses" : 3,
            "inputs" : [
                {
                    "engine_bus" : 0,
                    "track_bus" : 0
                },
                {
                    "engine_bus" : 1,
                    "track_bus" : 1
                }
            ],
            "outputs" : [
                {
                    "engine_bus" : 0,
                    "track_bus" : 0
                },
                {
                    "engine_bus" : 1,
                    "track_bus" : 1
                },
                {
                    "engine_bus" : 2,
                    "track_bus" : 2
                }
            ],
            "plugins" : [
                {
                    "uid" : "sushi.testing.gain",
                    "name" : "gain",
                    "type" : "internal"
                }
            ]
        }
    ],

    "midi" : {
        "track_connections" : [
            {
                "port" : 0,
                "channel" : "all",
                "track" : "main",
                "raw_midi" : false
            }
        ],
        "cc_mappings" : [
        ]
    }
}
