{
    "host_config" : {
        "samplerate" : 48000
    },
    "tracks" : [
        {
            "name" : "main",
            "channels" : 2,
            "inputs" : [],
            "outputs" : [
                {
                    "engine_bus" : 0,
                    "track_bus" : 0
                }
            ],
            "plugins" : [
                {
                    "uri" : "http://drobilla.net/plugins/mda/JX10",
                    "name" : "jx10",
                    "type" : "lv2"
                }
            ]
        }
    ],
    "midi" : {
        "track_connections" : [
            {
                "port" : 0,
                "channel" : "all",
                "track" : "main",
                "raw_midi" : false
            }
        ],
        "program_change_connections" : [
            {
                "port" : 0,
                "channel" : "all",
                "plugin" : "jx10"
            }
        ]
    }
}