{
  "Name": "mda-vst3",
  "Version": "3.7.6.0",
  "Factory Info": {
    "Vendor": "mda",
    "URL": "http://www.steinberg.net",
    "E-Mail": "mailto:info@steinberg.de",
    "Flags": {
      "Unicode": true,
      "Classes Discardable": false,
      "Component Non Discardable": false,
    },
  },
  "Compatibility": [
    {
      "New": "AF799E3AC94B444AB5B24FD5D3E3F9E4",
      "Old": [
        "AF799E3AC94B444AB5B24FD5D3E3F9E4",
      ],
    },
    {
      "New": "5653546D6461446D64612062616E6469",
      "Old": [
        "79F1CDBB1F004396947E35BA22B4FA6D",
      ],
    },
    {
      "New": "5653546D6461476D6461206265617462",
      "Old": [
        "9E6A6E959B73444097D787BEBBDDD831",
      ],
    },
    {
      "New": "5653546D6461586D646120636F6D626F",
      "Old": [
        "11C1BD22888F4F17B2E2A77B51CEDCD6",
      ],
    },
    {
      "New": "5653546D6461736D64612064652D6573",
      "Old": [
        "174FD6D1856E4641BFB9851A1C544725",
      ],
    },
    {
      "New": "5653546D6461436D6461206465677261",
      "Old": [
        "D31333A7A34E4690A279A0B06C91BB85",
      ],
    },
    {
      "New": "5653546D6461796D64612064656C6179",
      "Old": [
        "E5041336E9434B28B7B0126795F0C32F",
      ],
    },
    {
      "New": "5653546D6461746D646120646574756E",
      "Old": [
        "4CCBED11E28346A6A91EC86C9E85EDF8",
      ],
    },
    {
      "New": "5653546D6461646D6461206469746865",
      "Old": [
        "A155F267A6954095AFD8BFB19E4F2293",
      ],
    },
    {
      "New": "5653546D6461626D6461206475626465",
      "Old": [
        "A49D123224794649A57337B4DDC5041C",
      ],
    },
    {
      "New": "5653544D4441786D6461206478313000",
      "Old": [
        "F8713648E24441748AAA3B62A77F9E2D",
      ],
    },
    {
      "New": "5653546D64614E6D64612064796E616D",
      "Old": [
        "9CCF20FE76CD489CA9D7EA13B489CA55",
      ],
    },
    {
      "New": "5653544D4441656D646120657069616E",
      "Old": [
        "FED93DB85E81448FA3B14028879FA824",
      ],
    },
    {
      "New": "5653546D6461496D646120696D616765",
      "Old": [
        "E99952F13CBD42DE98604990D4FB3212",
      ],
    },
    {
      "New": "5653544D44416A6D6461206A78313000",
      "Old": [
        "82CD49DE13D743BAABDAC2991CE06F7C",
      ],
    },
    {
      "New": "5653546D6461486D6461206C65736C69",
      "Old": [
        "FBD3AD809E2847E0B87CDEC35C0469B1",
      ],
    },
    {
      "New": "5653546D64614C6D6461206C696D6974",
      "Old": [
        "E13C8DA072DE4A97A0890C280BDA61F8",
      ],
    },
    {
      "New": "5653546D64616C6D6461206C6F75646E",
      "Old": [
        "F2351D3CA6E94D479E17EB3B6F30BA7C",
      ],
    },
    {
      "New": "5653546D64614D6D6461206D756C7469",
      "Old": [
        "97C5305947FC442C8A858B0430C3AFE7",
      ],
    },
    {
      "New": "5653546D64614F6D6461206F76657264",
      "Old": [
        "203C7009042A4AC2A515CFF1DF647E92",
      ],
    },
    {
      "New": "5653544D4441706D6461207069616E6F",
      "Old": [
        "A77EA27C1F184322BBD2AD9373A2B7A0",
      ],
    },
    {
      "New": "5653546D6461596D6461207265707379",
      "Old": [
        "C20CCF8290574B7198AE3FE1240C2704",
      ],
    },
    {
      "New": "5653546D6461466D64612072657A6669",
      "Old": [
        "86983C018D684E3FBA2816C203A1450D",
      ],
    },
    {
      "New": "5653546D6461526D64612072696E676D",
      "Old": [
        "935CB08DFE614CF5A3927AAA21B25D95",
      ],
    },
    {
      "New": "5653546D6461506D646120726F756E64",
      "Old": [
        "2BEB5541E93842358AAAE0AEB555BF75",
      ],
    },
    {
      "New": "5653546D6461686D6461207368657061",
      "Old": [
        "DA28F0226D3E474488C9C4DAC690F337",
      ],
    },
    {
      "New": "5653546D6461376D64612073706C6974",
      "Old": [
        "EB4D787967114968B8E865FBFC508DB9",
      ],
    },
    {
      "New": "5653546D6461536D6461207374657265",
      "Old": [
        "DB1EB6424838483DA7C7E5D23686E943",
      ],
    },
    {
      "New": "5653546D6461426D6461207375626261",
      "Old": [
        "A7CC7918A7D34EA3B51B6F2F9C0AF682",
      ],
    },
    {
      "New": "5653546D6461266D64612074616C6B62",
      "Old": [
        "F235EEE492084883AD5C863234DFE073",
      ],
    },
    {
      "New": "5653546D6461546D6461207465737474",
      "Old": [
        "0AF801E50B0D4D9BBB657671AC8F7847",
      ],
    },
    {
      "New": "5653546D64615A6D646120746872757A",
      "Old": [
        "E7B8149A63A54BF882B6A95D94A3F6EE",
      ],
    },
    {
      "New": "5653546D64614A6D646120747261636B",
      "Old": [
        "61EA12BBC25447EAABD8D344B21B8B40",
      ],
    },
    {
      "New": "5653546D64613F6D646120737065636D",
      "Old": [
        "67B9A082CF0B4BAC907AA8B71D855F94",
      ],
    },
  ],
  "Classes": [
    {
      "CID": "AF799E3AC94B444AB5B24FD5D3E3F9E4",
      "Category": "Audio Module Class",
      "Name": "mda Ambience",
      "Vendor": "mda",
      "Version": "3.7.6.0",
      "SDKVersion": "VST 3.7.6",
      "Sub Categories": [
        "Fx",
        "Reverb",
      ],
      "Class Flags": 1,
      "Cardinality": 2147483647,
      "Snapshots": [
      ],
    },
    {
      "CID": "0D9DD331CCF044FFB7DCB8B9DF977096",
      "Category": "Component Controller Class",
      "Name": "mda Ambience",
      "Vendor": "mda",
      "Version": "3.7.6.0",
      "SDKVersion": "VST 3.7.6",
      "Class Flags": 1,
      "Cardinality": 2147483647,
      "Snapshots": [
      ],
    },
    {
      "CID": "5653546D6461446D64612062616E6469",
      "Category": "Audio Module Class",
      "Name": "mda Bandisto",
      "Vendor": "mda",
      "Version": "3.7.6.0",
      "SDKVersion": "VST 3.7.6",
      "Sub Categories": [
        "Fx",
        "Distortion",
      ],
      "Class Flags": 1,
      "Cardinality": 2147483647,
      "Snapshots": [
      ],
    },
    {
      "CID": "5653456D6461446D64612062616E6469",
      "Category": "Component Controller Class",
      "Name": "mda Bandisto",
      "Vendor": "mda",
      "Version": "3.7.6.0",
      "SDKVersion": "VST 3.7.6",
      "Class Flags": 1,
      "Cardinality": 2147483647,
      "Snapshots": [
      ],
    },
    {
      "CID": "5653546D6461476D6461206265617462",
      "Category": "Audio Module Class",
      "Name": "mda BeatBox",
      "Vendor": "mda",
      "Version": "3.7.6.0",
      "SDKVersion": "VST 3.7.6",
      "Sub Categories": [
        "Fx",
      ],
      "Class Flags": 1,
      "Cardinality": 2147483647,
      "Snapshots": [
      ],
    },
    {
      "CID": "5653456D6461476D6461206265617462",
      "Category": "Component Controller Class",
      "Name": "mda BeatBox",
      "Vendor": "mda",
      "Version": "3.7.6.0",
      "SDKVersion": "VST 3.7.6",
      "Class Flags": 1,
      "Cardinality": 2147483647,
      "Snapshots": [
      ],
    },
    {
      "CID": "5653546D6461586D646120636F6D626F",
      "Category": "Audio Module Class",
      "Name": "mda Combo",
      "Vendor": "mda",
      "Version": "3.7.6.0",
      "SDKVersion": "VST 3.7.6",
      "Sub Categories": [
        "Fx",
        "Distortion",
      ],
      "Class Flags": 1,
      "Cardinality": 2147483647,
      "Snapshots": [
      ],
    },
    {
      "CID": "5653456D6461586D646120636F6D626F",
      "Category": "Component Controller Class",
      "Name": "mda Combo",
      "Vendor": "mda",
      "Version": "3.7.6.0",
      "SDKVersion": "VST 3.7.6",
      "Class Flags": 1,
      "Cardinality": 2147483647,
      "Snapshots": [
      ],
    },
    {
      "CID": "5653546D6461736D64612064652D6573",
      "Category": "Audio Module Class",
      "Name": "mda DeEsser",
      "Vendor": "mda",
      "Version": "3.7.6.0",
      "SDKVersion": "VST 3.7.6",
      "Sub Categories": [
        "Fx",
        "Mastering",
      ],
      "Class Flags": 1,
      "Cardinality": 2147483647,
      "Snapshots": [
      ],
    },
    {
      "CID": "5653456D6461736D64612064652D6573",
      "Category": "Component Controller Class",
      "Name": "mda DeEsser",
      "Vendor": "mda",
      "Version": "3.7.6.0",
      "SDKVersion": "VST 3.7.6",
      "Class Flags": 1,
      "Cardinality": 2147483647,
      "Snapshots": [
      ],
    },
    {
      "CID": "5653546D6461436D6461206465677261",
      "Category": "Audio Module Class",
      "Name": "mda Degrade",
      "Vendor": "mda",
      "Version": "3.7.6.0",
      "SDKVersion": "VST 3.7.6",
      "Sub Categories": [
        "Fx",
      ],
      "Class Flags": 1,
      "Cardinality": 2147483647,
      "Snapshots": [
      ],
    },
    {
      "CID": "5653456D6461436D6461206465677261",
      "Category": "Component Controller Class",
      "Name": "mda Degrade",
      "Vendor": "mda",
      "Version": "3.7.6.0",
      "SDKVersion": "VST 3.7.6",
      "Class Flags": 1,
      "Cardinality": 2147483647,
      "Snapshots": [
      ],
    },
    {
      "CID": "5653546D6461796D64612064656C6179",
      "Category": "Audio Module Class",
      "Name": "mda Delay",
      "Vendor": "mda",
      "Version": "3.7.6.0",
      "SDKVersion": "VST 3.7.6",
      "Sub Categories": [
        "Fx",
        "Delay",
      ],
      "Class Flags": 1,
      "Cardinality": 2147483647,
      "Snapshots": [
      ],
    },
    {
      "CID": "5653456D6461796D64612064656C6179",
      "Category": "Component Controller Class",
      "Name": "mda Delay",
      "Vendor": "mda",
      "Version": "3.7.6.0",
      "SDKVersion": "VST 3.7.6",
      "Class Flags": 1,
      "Cardinality": 2147483647,
      "Snapshots": [
      ],
    },
    {
      "CID": "5653546D6461746D646120646574756E",
      "Category": "Audio Module Class",
      "Name": "mda Detune",
      "Vendor": "mda",
      "Version": "3.7.6.0",
      "SDKVersion": "VST 3.7.6",
      "Sub Categories": [
        "Fx",
      ],
      "Class Flags": 1,
      "Cardinality": 2147483647,
      "Snapshots": [
      ],
    },
    {
      "CID": "5653456D6461746D646120646574756E",
      "Category": "Component Controller Class",
      "Name": "mda Detune",
      "Vendor": "mda",
      "Version": "3.7.6.0",
      "SDKVersion": "VST 3.7.6",
      "Class Flags": 1,
      "Cardinality": 2147483647,
      "Snapshots": [
      ],
    },
    {
      "CID": "5653546D6461646D6461206469746865",
      "Category": "Audio Module Class",
      "Name": "mda Dither",
      "Vendor": "mda",
      "Version": "3.7.6.0",
      "SDKVersion": "VST 3.7.6",
      "Sub Categories": [
        "Fx",
        "Mastering",
      ],
      "Class Flags": 1,
      "Cardinality": 2147483647,
      "Snapshots": [
      ],
    },
    {
      "CID": "5653456D6461646D6461206469746865",
      "Category": "Component Controller Class",
      "Name": "mda Dither",
      "Vendor": "mda",
      "Version": "3.7.6.0",
      "SDKVersion": "VST 3.7.6",
      "Class Flags": 1,
      "Cardinality": 2147483647,
      "Snapshots": [
      ],
    },
    {
      "CID": "5653546D6461626D6461206475626465",
      "Category": "Audio Module Class",
      "Name": "mda DubDelay",
      "Vendor": "mda",
      "Version": "3.7.6.0",
      "SDKVersion": "VST 3.7.6",
      "Sub Categories": [
        "Fx",
        "Delay",
      ],
      "Class Flags": 1,
      "Cardinality": 2147483647,
      "Snapshots": [
      ],
    },
    {
      "CID": "5653456D6461626D6461206475626465",
      "Category": "Component Controller Class",
      "Name": "mda DubDelay",
      "Vendor": "mda",
      "Version": "3.7.6.0",
      "SDKVersion": "VST 3.7.6",
      "Class Flags": 1,
      "Cardinality": 2147483647,
      "Snapshots": [
      ],
    },
    {
      "CID": "5653544D4441786D6461206478313000",
      "Category": "Audio Module Class",
      "Name": "mda DX10",
      "Vendor": "mda",
      "Version": "3.7.6.0",
      "SDKVersion": "VST 3.7.6",
      "Sub Categories": [
        "Instrument",
        "Synth",
      ],
      "Class Flags": 1,
      "Cardinality": 2147483647,
      "Snapshots": [
      ],
    },
    {
      "CID": "5653454D4441786D6461206478313000",
      "Category": "Component Controller Class",
      "Name": "mda DX10",
      "Vendor": "mda",
      "Version": "3.7.6.0",
      "SDKVersion": "VST 3.7.6",
      "Class Flags": 1,
      "Cardinality": 2147483647,
      "Snapshots": [
      ],
    },
    {
      "CID": "5653546D64614E6D64612064796E616D",
      "Category": "Audio Module Class",
      "Name": "mda Dynamics",
      "Vendor": "mda",
      "Version": "3.7.6.0",
      "SDKVersion": "VST 3.7.6",
      "Sub Categories": [
        "Fx",
        "Dynamics",
      ],
      "Class Flags": 1,
      "Cardinality": 2147483647,
      "Snapshots": [
      ],
    },
    {
      "CID": "5653456D64614E6D64612064796E616D",
      "Category": "Component Controller Class",
      "Name": "mda Dynamics",
      "Vendor": "mda",
      "Version": "3.7.6.0",
      "SDKVersion": "VST 3.7.6",
      "Class Flags": 1,
      "Cardinality": 2147483647,
      "Snapshots": [
      ],
    },
    {
      "CID": "5653544D4441656D646120657069616E",
      "Category": "Audio Module Class",
      "Name": "mda EPiano",
      "Vendor": "mda",
      "Version": "3.7.6.0",
      "SDKVersion": "VST 3.7.6",
      "Sub Categories": [
        "Instrument",
        "Synth",
      ],
      "Class Flags": 1,
      "Cardinality": 2147483647,
      "Snapshots": [
      ],
    },
    {
      "CID": "5653454D4441656D646120657069616E",
      "Category": "Component Controller Class",
      "Name": "mda EPiano",
      "Vendor": "mda",
      "Version": "3.7.6.0",
      "SDKVersion": "VST 3.7.6",
      "Class Flags": 1,
      "Cardinality": 2147483647,
      "Snapshots": [
      ],
    },
    {
      "CID": "5653546D6461496D646120696D616765",
      "Category": "Audio Module Class",
      "Name": "mda Image",
      "Vendor": "mda",
      "Version": "3.7.6.0",
      "SDKVersion": "VST 3.7.6",
      "Sub Categories": [
        "Fx",
      ],
      "Class Flags": 1,
      "Cardinality": 2147483647,
      "Snapshots": [
      ],
    },
    {
      "CID": "5653456D6461496D646120696D616765",
      "Category": "Component Controller Class",
      "Name": "mda Image",
      "Vendor": "mda",
      "Version": "3.7.6.0",
      "SDKVersion": "VST 3.7.6",
      "Class Flags": 1,
      "Cardinality": 2147483647,
      "Snapshots": [
      ],
    },
    {
      "CID": "5653544D44416A6D6461206A78313000",
      "Category": "Audio Module Class",
      "Name": "mda JX10",
      "Vendor": "mda",
      "Version": "3.7.6.0",
      "SDKVersion": "VST 3.7.6",
      "Sub Categories": [
        "Instrument",
        "Synth",
      ],
      "Class Flags": 1,
      "Cardinality": 2147483647,
      "Snapshots": [
      ],
    },
    {
      "CID": "5653454D44416A6D6461206A78313000",
      "Category": "Component Controller Class",
      "Name": "mda JX10",
      "Vendor": "mda",
      "Version": "3.7.6.0",
      "SDKVersion": "VST 3.7.6",
      "Class Flags": 1,
      "Cardinality": 2147483647,
      "Snapshots": [
      ],
    },
    {
      "CID": "5653546D6461486D6461206C65736C69",
      "Category": "Audio Module Class",
      "Name": "mda Leslie",
      "Vendor": "mda",
      "Version": "3.7.6.0",
      "SDKVersion": "VST 3.7.6",
      "Sub Categories": [
        "Fx",
        "Modulation",
      ],
      "Class Flags": 1,
      "Cardinality": 2147483647,
      "Snapshots": [
      ],
    },
    {
      "CID": "5653456D6461486D6461206C65736C69",
      "Category": "Component Controller Class",
      "Name": "mda Leslie",
      "Vendor": "mda",
      "Version": "3.7.6.0",
      "SDKVersion": "VST 3.7.6",
      "Class Flags": 1,
      "Cardinality": 2147483647,
      "Snapshots": [
      ],
    },
    {
      "CID": "5653546D64614C6D6461206C696D6974",
      "Category": "Audio Module Class",
      "Name": "mda Limiter",
      "Vendor": "mda",
      "Version": "3.7.6.0",
      "SDKVersion": "VST 3.7.6",
      "Sub Categories": [
        "Fx",
        "Dynamics",
      ],
      "Class Flags": 1,
      "Cardinality": 2147483647,
      "Snapshots": [
      ],
    },
    {
      "CID": "5653456D64614C6D6461206C696D6974",
      "Category": "Component Controller Class",
      "Name": "mda Limiter",
      "Vendor": "mda",
      "Version": "3.7.6.0",
      "SDKVersion": "VST 3.7.6",
      "Class Flags": 1,
      "Cardinality": 2147483647,
      "Snapshots": [
      ],
    },
    {
      "CID": "5653546D64616C6D6461206C6F75646E",
      "Category": "Audio Module Class",
      "Name": "mda Loudness",
      "Vendor": "mda",
      "Version": "3.7.6.0",
      "SDKVersion": "VST 3.7.6",
      "Sub Categories": [
        "Fx",
        "Dynamics",
      ],
      "Class Flags": 1,
      "Cardinality": 2147483647,
      "Snapshots": [
      ],
    },
    {
      "CID": "5653456D64616C6D6461206C6F75646E",
      "Category": "Component Controller Class",
      "Name": "mda Loudness",
      "Vendor": "mda",
      "Version": "3.7.6.0",
      "SDKVersion": "VST 3.7.6",
      "Class Flags": 1,
      "Cardinality": 2147483647,
      "Snapshots": [
      ],
    },
    {
      "CID": "5653546D64614D6D6461206D756C7469",
      "Category": "Audio Module Class",
      "Name": "mda MultiBand",
      "Vendor": "mda",
      "Version": "3.7.6.0",
      "SDKVersion": "VST 3.7.6",
      "Sub Categories": [
        "Fx",
        "Dynamics",
      ],
      "Class Flags": 1,
      "Cardinality": 2147483647,
      "Snapshots": [
      ],
    },
    {
      "CID": "5653456D64614D6D6461206D756C7469",
      "Category": "Component Controller Class",
      "Name": "mda MultiBand",
      "Vendor": "mda",
      "Version": "3.7.6.0",
      "SDKVersion": "VST 3.7.6",
      "Class Flags": 1,
      "Cardinality": 2147483647,
      "Snapshots": [
      ],
    },
    {
      "CID": "5653546D64614F6D6461206F76657264",
      "Category": "Audio Module Class",
      "Name": "mda Overdrive",
      "Vendor": "mda",
      "Version": "3.7.6.0",
      "SDKVersion": "VST 3.7.6",
      "Sub Categories": [
        "Fx",
        "Distortion",
      ],
      "Class Flags": 1,
      "Cardinality": 2147483647,
      "Snapshots": [
      ],
    },
    {
      "CID": "5653456D64614F6D6461206F76657264",
      "Category": "Component Controller Class",
      "Name": "mda Overdrive",
      "Vendor": "mda",
      "Version": "3.7.6.0",
      "SDKVersion": "VST 3.7.6",
      "Class Flags": 1,
      "Cardinality": 2147483647,
      "Snapshots": [
      ],
    },
    {
      "CID": "5653544D4441706D6461207069616E6F",
      "Category": "Audio Module Class",
      "Name": "mda Piano",
      "Vendor": "mda",
      "Version": "3.7.6.0",
      "SDKVersion": "VST 3.7.6",
      "Sub Categories": [
        "Instrument",
        "Synth",
      ],
      "Class Flags": 1,
      "Cardinality": 2147483647,
      "Snapshots": [
      ],
    },
    {
      "CID": "5653454D4441706D6461207069616E6F",
      "Category": "Component Controller Class",
      "Name": "mda Piano",
      "Vendor": "mda",
      "Version": "3.7.6.0",
      "SDKVersion": "VST 3.7.6",
      "Class Flags": 1,
      "Cardinality": 2147483647,
      "Snapshots": [
      ],
    },
    {
      "CID": "5653546D6461596D6461207265707379",
      "Category": "Audio Module Class",
      "Name": "mda RePsycho!",
      "Vendor": "mda",
      "Version": "3.7.6.0",
      "SDKVersion": "VST 3.7.6",
      "Sub Categories": [
        "Fx",
      ],
      "Class Flags": 1,
      "Cardinality": 2147483647,
      "Snapshots": [
      ],
    },
    {
      "CID": "5653456D6461596D6461207265707379",
      "Category": "Component Controller Class",
      "Name": "mda RePsycho!",
      "Vendor": "mda",
      "Version": "3.7.6.0",
      "SDKVersion": "VST 3.7.6",
      "Class Flags": 1,
      "Cardinality": 2147483647,
      "Snapshots": [
      ],
    },
    {
      "CID": "5653546D6461466D64612072657A6669",
      "Category": "Audio Module Class",
      "Name": "mda RezFilter",
      "Vendor": "mda",
      "Version": "3.7.6.0",
      "SDKVersion": "VST 3.7.6",
      "Sub Categories": [
        "Fx",
        "Filter",
      ],
      "Class Flags": 1,
      "Cardinality": 2147483647,
      "Snapshots": [
      ],
    },
    {
      "CID": "5653456D6461466D64612072657A6669",
      "Category": "Component Controller Class",
      "Name": "mda RezFilter",
      "Vendor": "mda",
      "Version": "3.7.6.0",
      "SDKVersion": "VST 3.7.6",
      "Class Flags": 1,
      "Cardinality": 2147483647,
      "Snapshots": [
      ],
    },
    {
      "CID": "5653546D6461526D64612072696E676D",
      "Category": "Audio Module Class",
      "Name": "mda RingMod",
      "Vendor": "mda",
      "Version": "3.7.6.0",
      "SDKVersion": "VST 3.7.6",
      "Sub Categories": [
        "Fx",
        "Modulation",
      ],
      "Class Flags": 1,
      "Cardinality": 2147483647,
      "Snapshots": [
      ],
    },
    {
      "CID": "5653456D6461526D64612072696E676D",
      "Category": "Component Controller Class",
      "Name": "mda RingMod",
      "Vendor": "mda",
      "Version": "3.7.6.0",
      "SDKVersion": "VST 3.7.6",
      "Class Flags": 1,
      "Cardinality": 2147483647,
      "Snapshots": [
      ],
    },
    {
      "CID": "5653546D6461506D646120726F756E64",
      "Category": "Audio Module Class",
      "Name": "mda Round Panner",
      "Vendor": "mda",
      "Version": "3.7.6.0",
      "SDKVersion": "VST 3.7.6",
      "Sub Categories": [
        "Fx",
        "Modulation",
      ],
      "Class Flags": 1,
      "Cardinality": 2147483647,
      "Snapshots": [
      ],
    },
    {
      "CID": "5653456D6461506D646120726F756E64",
      "Category": "Component Controller Class",
      "Name": "mda Round Panner",
      "Vendor": "mda",
      "Version": "3.7.6.0",
      "SDKVersion": "VST 3.7.6",
      "Class Flags": 1,
      "Cardinality": 2147483647,
      "Snapshots": [
      ],
    },
    {
      "CID": "5653546D6461686D6461207368657061",
      "Category": "Audio Module Class",
      "Name": "mda Shepard",
      "Vendor": "mda",
      "Version": "3.7.6.0",
      "SDKVersion": "VST 3.7.6",
      "Sub Categories": [
        "Fx",
      ],
      "Class Flags": 1,
      "Cardinality": 2147483647,
      "Snapshots": [
      ],
    },
    {
      "CID": "5653456D6461686D6461207368657061",
      "Category": "Component Controller Class",
      "Name": "mda Shepard",
      "Vendor": "mda",
      "Version": "3.7.6.0",
      "SDKVersion": "VST 3.7.6",
      "Class Flags": 1,
      "Cardinality": 2147483647,
      "Snapshots": [
      ],
    },
    {
      "CID": "5653546D6461376D64612073706C6974",
      "Category": "Audio Module Class",
      "Name": "mda Splitter",
      "Vendor": "mda",
      "Version": "3.7.6.0",
      "SDKVersion": "VST 3.7.6",
      "Sub Categories": [
        "Fx",
      ],
      "Class Flags": 1,
      "Cardinality": 2147483647,
      "Snapshots": [
      ],
    },
    {
      "CID": "5653456D6461376D64612073706C6974",
      "Category": "Component Controller Class",
      "Name": "mda Splitter",
      "Vendor": "mda",
      "Version": "3.7.6.0",
      "SDKVersion": "VST 3.7.6",
      "Class Flags": 1,
      "Cardinality": 2147483647,
      "Snapshots": [
      ],
    },
    {
      "CID": "5653546D6461536D6461207374657265",
      "Category": "Audio Module Class",
      "Name": "mda Stereo Simulator",
      "Vendor": "mda",
      "Version": "3.7.6.0",
      "SDKVersion": "VST 3.7.6",
      "Sub Categories": [
        "Fx",
      ],
      "Class Flags": 1,
      "Cardinality": 2147483647,
      "Snapshots": [
      ],
    },
    {
      "CID": "5653456D6461536D6461207374657265",
      "Category": "Component Controller Class",
      "Name": "mda Stereo Simulator",
      "Vendor": "mda",
      "Version": "3.7.6.0",
      "SDKVersion": "VST 3.7.6",
      "Class Flags": 1,
      "Cardinality": 2147483647,
      "Snapshots": [
      ],
    },
    {
      "CID": "5653546D6461426D6461207375626261",
      "Category": "Audio Module Class",
      "Name": "mda Sub-Bass Synthesizer",
      "Vendor": "mda",
      "Version": "3.7.6.0",
      "SDKVersion": "VST 3.7.6",
      "Sub Categories": [
        "Fx",
      ],
      "Class Flags": 1,
      "Cardinality": 2147483647,
      "Snapshots": [
      ],
    },
    {
      "CID": "5653456D6461426D6461207375626261",
      "Category": "Component Controller Class",
      "Name": "mda Sub-Bass Synthesizer",
      "Vendor": "mda",
      "Version": "3.7.6.0",
      "SDKVersion": "VST 3.7.6",
      "Class Flags": 1,
      "Cardinality": 2147483647,
      "Snapshots": [
      ],
    },
    {
      "CID": "5653546D6461266D64612074616C6B62",
      "Category": "Audio Module Class",
      "Name": "mda TalkBox",
      "Vendor": "mda",
      "Version": "3.7.6.0",
      "SDKVersion": "VST 3.7.6",
      "Sub Categories": [
        "Fx",
      ],
      "Class Flags": 1,
      "Cardinality": 2147483647,
      "Snapshots": [
      ],
    },
    {
      "CID": "5653456D6461266D64612074616C6B62",
      "Category": "Component Controller Class",
      "Name": "mda TalkBox",
      "Vendor": "mda",
      "Version": "3.7.6.0",
      "SDKVersion": "VST 3.7.6",
      "Class Flags": 1,
      "Cardinality": 2147483647,
      "Snapshots": [
      ],
    },
    {
      "CID": "5653546D6461546D6461207465737474",
      "Category": "Audio Module Class",
      "Name": "mda TestTone",
      "Vendor": "mda",
      "Version": "3.7.6.0",
      "SDKVersion": "VST 3.7.6",
      "Sub Categories": [
        "Fx",
        "Generator",
      ],
      "Class Flags": 1,
      "Cardinality": 2147483647,
      "Snapshots": [
      ],
    },
    {
      "CID": "5653456D6461546D6461207465737474",
      "Category": "Component Controller Class",
      "Name": "mda TestTone",
      "Vendor": "mda",
      "Version": "3.7.6.0",
      "SDKVersion": "VST 3.7.6",
      "Class Flags": 1,
      "Cardinality": 2147483647,
      "Snapshots": [
      ],
    },
    {
      "CID": "5653546D64615A6D646120746872757A",
      "Category": "Audio Module Class",
      "Name": "mda Thru-Zero Flanger",
      "Vendor": "mda",
      "Version": "3.7.6.0",
      "SDKVersion": "VST 3.7.6",
      "Sub Categories": [
        "Fx",
        "Modulation",
      ],
      "Class Flags": 1,
      "Cardinality": 2147483647,
      "Snapshots": [
      ],
    },
    {
      "CID": "5653456D64615A6D646120746872757A",
      "Category": "Component Controller Class",
      "Name": "mda Thru-Zero Flanger",
      "Vendor": "mda",
      "Version": "3.7.6.0",
      "SDKVersion": "VST 3.7.6",
      "Class Flags": 1,
      "Cardinality": 2147483647,
      "Snapshots": [
      ],
    },
    {
      "CID": "5653546D64614A6D646120747261636B",
      "Category": "Audio Module Class",
      "Name": "mda Tracker",
      "Vendor": "mda",
      "Version": "3.7.6.0",
      "SDKVersion": "VST 3.7.6",
      "Sub Categories": [
        "Fx",
      ],
      "Class Flags": 1,
      "Cardinality": 2147483647,
      "Snapshots": [
      ],
    },
    {
      "CID": "5653456D64614A6D646120747261636B",
      "Category": "Component Controller Class",
      "Name": "mda Tracker",
      "Vendor": "mda",
      "Version": "3.7.6.0",
      "SDKVersion": "VST 3.7.6",
      "Class Flags": 1,
      "Cardinality": 2147483647,
      "Snapshots": [
      ],
    },
    {
      "CID": "5653546D64613F6D646120737065636D",
      "Category": "Audio Module Class",
      "Name": "mda SpecMeter",
      "Vendor": "mda",
      "Version": "3.7.6.0",
      "SDKVersion": "VST 3.7.6",
      "Sub Categories": [
        "Fx",
        "Analyzer",
      ],
      "Class Flags": 1,
      "Cardinality": 2147483647,
      "Snapshots": [
      ],
    },
    {
      "CID": "5653456D64613F6D646120737065636D",
      "Category": "Component Controller Class",
      "Name": "mda SpecMeter",
      "Vendor": "mda",
      "Version": "3.7.6.0",
      "SDKVersion": "VST 3.7.6",
      "Class Flags": 1,
      "Cardinality": 2147483647,
      "Snapshots": [
      ],
    },
  ],
}